<?xml version="1.1" encoding="UTF-8" standalone="yes"?>
<addon id="plugin.video.eStiloTV"
       name="eStiloTV"
       version="3.2.1"
       provider-name="eStiloTV">
  <requires>
    <import addon="xbmc.python" version="2.1.0"/>
	<import addon="script.module.requests" />
  </requires>
  <extension point="xbmc.python.pluginsource"
            library="default.py">
        <provides>video</provides>
  </extension>
  <extension point="xbmc.addon.metadata">
    <summary lang="en">eStiloTV Kodi Addon</summary>
    <language>en</language>
    <description lang="en">eStiloTV is a Kodi addon from the creative mind of eStilo himself</description>
     <platform>all</platform>
  </extension>
</addon>